city,state,incidents,victims,gva_incidents,POP_TEENS,POP_TOTAL,victimrate_over_teens,victimrate_over_total,incidentrate_over_teens,incidentrate_over_total,gvarate_over_teens,gvarate_over_total
Wilmington,Delaware,58,64,648,5438,71948,0.003362580780749225,2.54151808051847e-4,0.003047338832553985,2.303250760469863e-4,0.11916145641780067,0.009006504697837326
Chicago,Illinois,1171,1317,8758,203936,2720546,0.0018451166752594653,1.3831257191964933e-4,0.0016405707112595548,1.2297951535148775e-4,0.0429448454417072,0.0032192067327661434
Savannah,Georgia,56,57,630,9449,145674,0.001723538394085542,1.1179561408154018e-4,0.0016933008783998308,1.0983428751870616e-4,0.06667372208699333,0.004324725071049054
Trenton,New Jersey,32,36,485,6401,84225,0.001606891780302185,1.221218674468897e-4,0.0014283482491574977,1.0855277106390196e-4,0.07576941102952664,0.005758385277530424
New Orleans,Louisiana,113,126,2501,23848,389617,0.0015095605501509561,9.239843230659854e-5,0.0013538122394210956,8.28652607194098e-5,0.10487252599798726,0.00641912442218897
Syracuse,New York,40,48,513,10720,144142,0.001279317697228145,9.51442724139093e-5,0.0010660980810234541,7.928689367825775e-5,0.047854477611940296,0.0035589904399827947
Pittsburgh,Pennsylvania,55,63,758,16486,304391,0.001091835496785151,5.913446849611191e-5,9.53189719415608e-4,5.1625329639462775e-5,0.04597840592017469,0.0024902181733362683
Fort Myers,Florida,15,16,289,4217,74013,0.0010840475625868084,6.176521113086311e-5,0.0010162945899251329,5.7904885435184164e-5,0.0685321318472848,0.0039047194411792525
Cleveland,Ohio,113,125,1225,33066,388072,0.001080090900450182,9.203005038829319e-5,9.764021740069645e-4,8.319516555101705e-5,0.03704711788544124,0.0031566307283184564
Richmond,Virginia,35,41,741,11135,220289,0.0010520238629803066,5.317689813965161e-5,8.98069151324652e-4,4.539491304604406e-5,0.06654692411315671,0.003363763056711865
Cincinnati,Ohio,60,69,897,19240,298550,0.0010246510246510246,6.603344737660597e-5,8.91000891000891e-4,5.7420389023135634e-5,0.046621621621621624,0.003004521855635572
West Palm Beach,Florida,17,21,289,5991,106779,0.00100150225338007,5.619082403843452e-5,8.107399194029139e-4,4.548780993587557e-5,0.048239025204473374,0.002706524691184596
Chattanooga,Tennessee,36,38,532,11047,176588,9.828136921465427e-4,6.148290289908067e-5,9.310866557177773e-4,5.8246960641234316e-5,0.04815787091518059,0.0030126622420549526
Rocky Mount,North Carolina,15,17,84,4956,55806,9.800530381644183e-4,8.703621218404575e-5,8.647526807333103e-4,7.679665780945213e-5,0.01694915254237288,0.0015052144930652617
Gary,Indiana,24,25,332,7447,77156,9.591590093805751e-4,9.257682024543966e-5,9.207926490053521e-4,8.887374743562208e-5,0.044581710756009134,0.004302970605008036
Bradenton,Florida,11,11,148,3404,54437,9.232835319791841e-4,5.7733841741042723e-5,9.232835319791841e-4,5.7733841741042723e-5,0.043478260869565216,0.0027187390928963755
Newport News,Virginia,39,45,382,13937,182385,9.225186810032903e-4,7.049451905114377e-5,7.995161902028516e-4,6.10952498443246e-5,0.027409055033364424,0.0020944704882528715
Miami,Florida,64,74,687,23086,441003,9.158302496256234e-4,4.7942660577948776e-5,7.920694050816203e-4,4.146392266200975e-5,0.02975829507060556,0.0015578125318875381
Waterloo,Iowa,13,16,359,5020,68460,9.10643141718839e-4,6.677517632819999e-5,7.398975526465567e-4,5.4254830766662493e-5,0.07151394422310757,0.0052439380660239555
Shreveport,Louisiana,43,47,620,16063,197204,8.359939879581292e-4,6.809482276511343e-5,7.648455634510544e-4,6.229951869999739e-5,0.03859802029508809,0.00314395245532545
Norfolk,Virginia,34,43,487,14908,246393,8.241021120012266e-4,4.986226997404263e-5,6.516156234428303e-4,3.9425980909708124e-5,0.03266702441642071,0.0019765171900175734
Birmingham,Alabama,36,39,695,14330,212461,7.775894726348321e-4,5.244660028361508e-5,7.17774897816768e-4,4.841224641564469e-5,0.048499651081646895,0.003271188594612658
Miami Gardens,Florida,22,28,103,10448,113187,7.656967840735069e-4,7.067949499500826e-5,6.016189017720411e-4,5.553388892464935e-5,0.009858346094946402,9.099984980607314e-4
Orlando,Florida,38,41,786,15578,270934,7.519762302147717e-4,4.323667651267731e-5,6.96953579223447e-4,4.007301725565214e-5,0.050455770959044806,0.00290107553869208
Flint,Michigan,23,24,532,9195,98310,7.457469121416919e-4,6.975020707092725e-5,7.146741241357881e-4,6.684394844297194e-5,0.05785753126699293,0.005411453565252772
Rockford,Illinois,26,32,592,12514,148278,7.306102879061166e-4,6.166024051347565e-5,5.936208589237197e-4,5.009894541719897e-5,0.04730701614192105,0.003992500573247549
Baltimore,Maryland,99,108,2804,42704,621849,7.225820264411497e-4,4.9621600834194245e-5,6.623668575710539e-4,4.548646743134473e-5,0.06566129636568004,0.0045091332461739105
Milwaukee,Wisconsin,114,128,1857,51366,600155,7.119773502205461e-4,6.093663898730923e-5,6.341048275401739e-4,5.427169409807228e-5,0.03615231865436281,0.003094200664828253
Kalamazoo,Michigan,7,11,124,4550,76041,6.907378335949764e-4,4.13310864251804e-5,4.3956043956043956e-4,2.6301600452387526e-5,0.027252747252747254,0.0016306992280480266
Rochester,New York,36,40,555,16781,209802,6.810423352941677e-4,5.447312908633582e-5,6.12938101764751e-4,4.9025816177702245e-5,0.03307311840772302,0.0026453513312551837
Little Rock,Arkansas,31,33,619,14986,197992,6.291586433051801e-4,4.762097169871221e-5,5.910278164381994e-4,4.473485220182056e-5,0.04130521820365675,0.003126388945007879
North Charleston,South Carolina,13,15,269,6891,108304,6.219292244542571e-4,3.9571154211426036e-5,5.390053278603561e-4,3.4295000316569236e-5,0.03903642432157887,0.002483749446003841
Atlanta,Georgia,43,50,1058,23385,463878,6.108922080698861e-4,3.0796274636249805e-5,5.253672989401021e-4,2.648479618717483e-5,0.045242676929655765,0.0022807720995606604
Memphis,Tennessee,97,119,1845,56109,655770,6.059633926821009e-4,5.184744651325922e-5,4.939365469761663e-4,4.2262204300723904e-5,0.032882425279366946,0.002813486435793037
Wilmington,North Carolina,9,13,355,6195,115933,5.995618586417618e-4,3.203820926126051e-5,4.1508128675198894e-4,2.2180298719334195e-5,0.057304277643260695,0.00306211346208586
Washington,District of Columbia,49,66,1966,32085,672228,5.877245708942764e-4,2.8051706946367687e-5,4.363409693002961e-4,2.0826267278363887e-5,0.06127473897459872,0.002924602962090243
Richmond,California,14,17,125,8273,109708,5.871078033534217e-4,4.427336982847976e-5,4.8350054393811193e-4,3.646042221168921e-5,0.015109391998065998,0.001139388194115288
Portsmouth,Virginia,14,14,198,6967,96201,5.741352088416823e-4,4.157960935957007e-5,5.741352088416823e-4,4.157960935957007e-5,0.02841969283766327,0.002058190663298718
Buffalo,New York,34,42,731,21020,258071,5.70884871550904e-4,4.649883171685311e-5,4.621448960173984e-4,3.7641911389833476e-5,0.03477640342530923,0.002832553832084969
New Haven,Connecticut,16,18,327,9437,130322,5.449673776472548e-4,3.946269350422141e-5,4.8441544679755975e-4,3.507794978153015e-5,0.03465084242873795,0.002509169595310078
Knoxville,Tennessee,18,19,314,10163,185291,5.341504898722256e-4,2.929754509701728e-5,5.0603730619474e-4,2.7755569039279528e-5,0.03089638886155663,0.0016946316874537888
Bridgeport,Connecticut,18,22,407,11770,147629,5.34045393858478e-4,4.257777459519665e-5,4.369462313387547e-4,3.483636103243362e-5,0.03457943925233645,0.002756910905038983
Toledo,Ohio,38,41,611,22102,279789,5.300102123918973e-4,4.186828543754656e-5,4.912289773388316e-4,3.880475235675047e-5,0.027644557053660302,0.0021837884977608125
Springfield,Illinois,15,16,225,8640,116565,5.291005291005291e-4,3.921784902353684e-5,4.96031746031746e-4,3.676673345956579e-5,0.026041666666666668,0.0019302535066272038
Oakland,California,46,47,1208,25620,419267,5.241440838630534e-4,3.202868679999005e-5,5.129920820787331e-4,3.134722537871367e-5,0.047150663544106165,0.002881218889156552
Durham,North Carolina,25,27,398,14760,257636,5.226480836236934e-4,2.9942576791619626e-5,4.8393341076267905e-4,2.7724608140388542e-5,0.026964769647696476,0.0015448151655824496
Peoria,Illinois,12,16,524,8942,115070,5.112311084129469e-4,3.972737091708153e-5,3.834233313097102e-4,2.9795528187811144e-5,0.058599865801834045,0.00455374989137047
Columbus,Ohio,82,95,986,53526,850106,5.070966846552543e-4,3.192879140113956e-5,4.377045067550616e-4,2.7559588367299405e-5,0.01842095430258192,0.0011598553592140274
Grand Rapids,Michigan,21,24,289,13616,195097,5.036091992613732e-4,3.514735161044433e-5,4.4065804935370154e-4,3.0753932659138784e-5,0.02122502937720329,0.0014813144230818515
Evansville,Indiana,11,14,231,8097,119943,4.940101272076078e-4,3.33491741910741e-5,3.8815081423454895e-4,2.6202922578701075e-5,0.02852908484623935,0.001925914809534529
Ocala,Florida,5,7,148,4066,58218,4.918839153959665e-4,3.435363633240578e-5,3.5134565385426184e-4,2.4538311666004133e-5,0.03639940973930152,0.002542169088598028
Hammond,Indiana,10,12,87,7201,77614,4.7612434780883606e-4,4.4174651848525116e-5,3.967702898406967e-4,3.681220987377093e-5,0.012081655325649216,0.0011209317906563248
Elkhart,Indiana,7,7,71,4280,52348,4.6728971962616824e-4,3.8205853136700544e-5,4.6728971962616824e-4,3.8205853136700544e-5,0.016588785046728973,0.0013563077863528693
Dayton,Ohio,17,17,813,10457,140599,4.644872197707619e-4,3.454606972412931e-5,4.644872197707619e-4,3.454606972412931e-5,0.07774696375633547,0.005782402435294704
Nashville,Tennessee,55,61,1092,37985,654610,4.588277327516501e-4,2.6624358669393117e-5,4.1369713608755337e-4,2.4005569292075762e-5,0.028748190075029618,0.0016681688333511557
Baton Rouge,Louisiana,26,27,628,16879,228590,4.570345230336936e-4,3.3747258035284634e-5,4.401073184768901e-4,3.249735958953335e-5,0.03720599561585402,0.002747276783761319
Rock Hill,South Carolina,7,8,278,5057,71548,4.519901692138196e-4,3.194658530936275e-5,3.9549139806209217e-4,2.7953262145692403e-5,0.05497330433063081,0.003885503438251244
Jackson,Tennessee,7,8,249,5063,66975,4.514545300640501e-4,3.412787287367355e-5,3.9502271380604387e-4,2.9861888764464352e-5,0.04918032786885246,0.0037178051511758117
Jersey City,New Jersey,22,25,412,16327,264290,4.374874222366107e-4,2.702658875802014e-5,3.8498893156821743e-4,2.3783398107057722e-5,0.025234274514607705,0.0015588936395626017
Jacksonville,Florida,84,97,1940,63771,868031,4.3459073425672665e-4,3.192776031534094e-5,3.763466152326293e-4,2.7648782128748858e-5,0.030421351397970864,0.002234943222073866
Greenville,South Carolina,4,5,199,3304,64579,4.3237634036665516e-4,2.2121299936069444e-5,3.459010722933241e-4,1.7697039948855554e-5,0.06023002421307506,0.0030814970810944735
Louisville,Kentucky,60,69,1118,46023,615366,4.2835724994645533e-4,3.2036683395386995e-5,3.7248456517083073e-4,2.7857985561206083e-5,0.024292201725224345,0.00181680495834999
Philadelphia,Pennsylvania,155,173,2369,115640,1567442,4.274348964767505e-4,3.1534545730286305e-5,3.8296190146760886e-4,2.8253494729447268e-5,0.02048599100657212,0.001511379687414271
Mobile,Alabama,22,24,370,16244,194288,4.221338867977627e-4,3.529370242703027e-5,3.8695606289794915e-4,3.235256055811108e-5,0.022777640975129278,0.001904389360125175
Jackson,Mississippi,23,23,649,15796,170674,4.1601852186810406e-4,3.850280986810277e-5,4.1601852186810406e-4,3.850280986810277e-5,0.04108635097493036,0.003802570983278062
Indianapolis,Indiana,86,93,1541,64386,853173,4.1268953765459217e-4,3.1144244568720024e-5,3.8162688428274114e-4,2.8800054117310993e-5,0.023933774423011214,0.0018061987428106608
Pontiac,Michigan,6,7,190,5044,59917,3.965107057890563e-4,3.337950831984245e-5,3.3986631924776253e-4,2.861100713129353e-5,0.03766851704996035,0.0031710532903850325
Des Moines,Iowa,21,21,409,15133,210330,3.964845040639662e-4,2.8526601055484238e-5,3.964845040639662e-4,2.8526601055484238e-5,0.02702702702702703,0.0019445633052821757
Columbus,Georgia,22,22,606,15959,200579,3.9386642557267285e-4,3.133784835757625e-5,3.9386642557267285e-4,3.133784835757625e-5,0.037972304029074505,0.0030212534712008737
Columbia,South Carolina,8,9,357,6804,133803,3.779289493575208e-4,1.9218018814440418e-5,3.359368438733518e-4,1.7082683390613708e-5,0.05246913580246913,0.002668101612071478
Racine,Wisconsin,9,9,124,6890,77742,3.7321169396641095e-4,3.307643965203585e-5,3.7321169396641095e-4,3.307643965203585e-5,0.017997097242380262,0.0015950194232203956
Port Arthur,Texas,6,6,40,4710,55340,3.639672429481347e-4,3.097733491661934e-5,3.639672429481347e-4,3.097733491661934e-5,0.008492569002123142,7.228044813877846e-4
Tampa,Florida,26,32,469,25642,369075,3.5655787937201246e-4,2.477235559942327e-5,2.897032769897601e-4,2.0127538924531404e-5,0.0182903049684112,0.0012707444286391655
Athens-Clarke County unified government (balance),Georgia,4,7,260,5629,122604,3.553028957186001e-4,1.631268147858145e-5,2.0303022612491435e-4,9.321532273475114e-6,0.046189376443418015,0.0021206485922155884
Muncie,Indiana,5,5,61,4021,70087,3.5527764948307104e-4,2.0382830319052442e-5,3.5527764948307104e-4,2.0382830319052442e-5,0.015170355632927133,8.703468546235393e-4
Fort Wayne,Indiana,23,27,444,21768,260326,3.5438651756182076e-4,2.963317422879664e-5,3.0188481125636583e-4,2.524307434304899e-5,0.020396912899669238,0.0017055538056129623
Huntsville,Alabama,13,16,435,12976,190582,3.5229874933943986e-4,2.3986675401814294e-5,2.862427338382949e-4,1.9489173763974112e-5,0.033523427866831074,0.0022824820812038914
Hampton,Virginia,13,13,268,10680,136454,3.477795612627073e-4,2.7220057413382635e-5,3.477795612627073e-4,2.7220057413382635e-5,0.025093632958801498,0.00196403183490407
Burien,Washington,3,3,21,2492,50467,3.43957807842238e-4,1.6984224486156442e-5,3.43957807842238e-4,1.6984224486156442e-5,0.008426966292134831,4.161134999108328e-4
Omaha,Nebraska,36,39,732,32431,443885,3.4358660364642294e-4,2.510302700667322e-5,3.1715686490439043e-4,2.317202492923682e-5,0.022570996885695783,0.001649075774130687
Camden,New Jersey,7,9,206,7525,76119,3.4171808258186997e-4,3.3781691449290864e-5,2.6578073089701e-4,2.6274648905004006e-5,0.027375415282392027,0.0027062888372154127
South Bend,Indiana,7,10,249,8527,101516,3.3507011342123337e-4,2.8144754099283435e-5,2.3454907939486337e-4,1.9701327869498403e-5,0.02920136038466049,0.0024528153197525514
Tuscaloosa,Alabama,6,6,164,5153,98332,3.3267721992736546e-4,1.743365043206397e-5,3.3267721992736546e-4,1.743365043206397e-5,0.03182612070638463,0.0016678192246674531
Kenner,Louisiana,4,6,87,5175,67091,3.312629399585921e-4,2.55516494654382e-5,2.2084195997239476e-4,1.70344329769588e-5,0.01681159420289855,0.0012967462103709887
Lexington,Kentucky,22,22,689,19048,314488,3.2999340013199736e-4,1.9987135552753318e-5,3.2999340013199736e-4,1.9987135552753318e-5,0.03617177656446871,0.0021908626084302103
Sanford,Florida,5,5,60,4363,58111,3.274287024000524e-4,2.4583494150357567e-5,3.274287024000524e-4,2.4583494150357567e-5,0.0137520055008022,0.0010325067543150179
Pensacola,Florida,3,4,116,3531,53193,3.236638750657442e-4,2.1485104108757597e-5,2.4274790629930817e-4,1.6113828081568197e-5,0.03285188331917304,0.002180738067038896
Valdosta,Georgia,4,4,130,3540,55724,3.228410008071025e-4,2.0509244541977298e-5,3.228410008071025e-4,2.0509244541977298e-5,0.03672316384180791,0.0023329265666499174
Joliet,Illinois,14,16,143,14278,147861,3.201728933624157e-4,3.091706786393012e-5,2.801512816921137e-4,2.7052434380938853e-5,0.010015408320493066,9.67124529118564e-4
Evanston,Illinois,4,5,56,4466,75527,3.198771671678076e-4,1.8914711673592604e-5,2.5590173373424605e-4,1.5131769338874082e-5,0.012539184952978056,7.414566976048301e-4
Champaign,Illinois,5,5,147,4469,86096,3.1966243646709073e-4,1.6592773515278627e-5,3.1966243646709073e-4,1.6592773515278627e-5,0.032893264712463635,0.0017073963947221707
Springfield,Ohio,5,5,136,4506,59680,3.170376006594382e-4,2.3937188816545384e-5,3.170376006594382e-4,2.3937188816545384e-5,0.030181979582778518,0.0022788203753351206
Roanoke,Virginia,7,7,167,6317,99897,3.1660598385309483e-4,2.0020621239877075e-5,3.1660598385309483e-4,2.0020621239877075e-5,0.02643659965173342,0.0016717218735297357
Marysville,Washington,2,6,20,5423,66773,3.1611390637759806e-4,2.5673336742181932e-05,1.0537130212586602e-4,8.557778914060644e-6,0.0036879955744053105,2.995222619921226e-4
Paterson,New Jersey,13,15,431,13779,147754,3.1103231625765915e-4,2.9005741203042123e-5,2.6956134075663794e-4,2.5138309042636505e-5,0.03127948327164526,0.002917010706985936
Montgomery,Alabama,18,18,356,16605,200602,3.097173828881146e-4,2.5637117989138407e-5,3.097173828881146e-4,2.5637117989138407e-5,0.021439325504366155,0.0017746582785814699
Newark,New Jersey,19,25,511,23270,281944,3.0695561421818405e-4,2.5334311575550972e-5,2.3328626680581987e-4,1.9254076797418738e-5,0.021959604641168886,0.0018124166501149164
Akron,Ohio,16,16,252,15022,197542,3.0431557525153585e-4,2.3141552537832824e-5,3.0431557525153585e-4,2.3141552537832824e-5,0.016775396085740912,0.0012756780836480344
Detroit,Michigan,62,74,1036,69698,677116,3.033495529693412e-4,3.122486714662944e-5,2.5415773356890747e-4,2.616137517690575e-5,0.014864128095497718,0.0015300184901848428
East Orange,New Jersey,5,6,45,5668,64949,3.024498437342474e-4,2.639433577554257e-5,2.520415364452062e-4,2.199527981295214e-5,0.007939308398023995,6.928513141079924e-4
Greenville,North Carolina,5,5,182,4749,90597,3.00815209216978e-4,1.576841869566794e-5,3.00815209216978e-4,1.576841869566794e-5,0.038323857654242996,0.002008896541828096
Tulsa,Oklahoma,29,31,907,29495,403505,3.002930278739738e-4,2.195051574860995e-5,2.8091928414016905e-4,2.0534353442248017e-5,0.030750974741481606,0.002247803620772977
Charleston,South Carolina,4,6,170,5798,132609,2.9566845710343465e-4,1.292737079900847e-5,1.9711230473562312e-4,8.61824719933898e-6,0.029320455329423938,0.0012819642709016733
Hartford,Connecticut,10,11,443,10706,124006,2.935603533399162e-4,2.534439577808447e-5,2.668730484908329e-4,2.304035979825861e-5,0.04137866616850364,0.0035724077867199974
Daytona Beach,Florida,3,3,124,2977,64736,2.87921685301598e-4,1.3240590353788575e-5,2.87921685301598e-4,1.3240590353788575e-5,0.04165267047363117,0.0019154720711814137
Lafayette,Louisiana,9,9,183,9070,127657,2.835092140494566e-4,2.014326336533501e-5,2.835092140494566e-4,2.014326336533501e-5,0.02017640573318633,0.001433528909499675
Watsonville,California,5,5,50,5111,53628,2.7950918187662465e-4,2.6638536372257564e-5,2.7950918187662465e-4,2.6638536372257564e-5,0.009782821365681862,9.323487730290147e-4
Minneapolis,Minnesota,19,21,367,21510,410939,2.789400278940028e-4,1.4600707160916827e-5,2.5237431095171683e-4,1.321016362178189e-5,0.01706183170618317,8.930765880094126e-4
Everett,Washington,6,7,60,7177,108010,2.7866796711717987e-4,1.8516803999629663e-5,2.3885825752901132e-4,1.5871546285396853e-5,0.008360039013515397,5.555041199888899e-4
Lansing,Michigan,6,8,138,8305,115056,2.752214672744474e-4,1.9866102469356536e-5,0.00020641610045583555,1.4899576852017402e-5,0.016616496086694764,0.0011994159365874009
Providence,Rhode Island,13,13,446,13820,179207,2.6876162910895185e-4,2.072623119792036e-5,2.6876162910895185e-4,2.072623119792036e-5,0.03227206946454414,0.0024887420692272064
Salinas,California,12,14,239,14928,157380,2.679528403001072e-4,2.5416190113102044e-5,2.2967386311437759e-4,2.1785305811230325e-5,0.016010182207931403,0.0015186173592578473
Albany,Georgia,6,6,171,6426,74843,2.667733760170735e-4,2.2905090847316572e-5,2.667733760170735e-4,2.2905090847316572e-5,0.02661064425770308,0.002284782812019828
Lakeland,Florida,6,6,60,6504,104401,2.635740643120717e-4,1.642020396630027e-5,2.635740643120717e-4,1.642020396630027e-5,0.00922509225092251,5.747071388205094e-4
Battle Creek,Michigan,3,4,109,4366,51589,2.617629736273804e-4,2.2153116805077495e-5,1.963222302205353e-4,1.661483760380812e-5,0.024965643609711406,0.002112853515284266
Canton,Ohio,5,5,116,5640,71885,2.5329280648429586e-4,1.9873011456791104e-5,2.5329280648429586e-4,1.9873011456791104e-5,0.02056737588652482,0.0016136885302914378
Kokomo,Indiana,3,3,24,3404,57995,2.518045996306866e-4,1.4779599226534307e-5,2.518045996306866e-4,1.4779599226534307e-5,0.007050528789659225,4.138287783429606e-4
Hamilton,Ohio,4,4,61,4580,62407,2.495321272613849e-4,1.8312963976110737e-5,2.495321272613849e-4,1.8312963976110737e-5,0.013318777292576418,9.774544522249107e-4
Pueblo,Colorado,7,7,224,8223,109412,2.4322023592362885e-4,1.8279530581654664e-5,2.4322023592362885e-4,1.8279530581654664e-5,0.02724066642344643,0.002047307425145322
Merced,California,6,7,101,8251,82436,2.4239486122894195e-4,2.426124508709787e-5,2.0776702391052168e-4,2.0795352931798173e-5,0.012240940492061569,0.0012251928768984425
Las Vegas,Nevada,36,42,1050,49609,623747,2.41891592251406e-4,1.9238569484101726e-5,2.0733565050120513e-4,1.6490202414944336e-5,0.021165514321998025,0.001683374829858901
Kansas City,Missouri,27,27,834,33718,475378,2.2878835382542602e-4,1.6227687680720845e-5,2.2878835382542602e-4,1.6227687680720845e-5,0.024734563141348833,0.0017543933459268203
Jonesboro,Arkansas,4,4,159,5042,73907,2.2666742222474074e-4,1.5463449238328477e-5,2.2666742222474074e-4,1.5463449238328477e-5,0.03153510511701706,0.0021513523752824497
Stockton,California,18,23,202,29357,305658,2.2384537151032364e-4,2.149928538244892e-5,1.7518333422547068e-4,1.6825527690612197e-5,0.00688081207207821,6.608693376257123e-4
Erie,Pennsylvania,2,6,118,7663,99475,2.2370947596055257e-4,1.7233332136574157e-5,7.45698253201842e-5,5.744444045524719e-6,0.015398668928618034,0.0011862276954008545
Burlington,North Carolina,2,3,139,3837,52472,2.2338880822070814e-4,1.6335242741707142e-5,1.4892587214713877e-4,1.0890161827804762e-5,0.0362262183997915,0.002649031864613508
New Braunfels,Texas,3,4,21,5139,70543,2.2238901398270925e-4,1.620085824046529e-5,1.6679176048703195e-4,1.2150643680348967e-5,0.004086398131932283,2.976907701685497e-4
San Angelo,Texas,4,5,49,6493,100450,2.200171613385844e-4,1.4221716561188935e-5,1.7601372907086752e-4,1.1377373248951149e-5,0.007546588633913445,4.878048780487805e-4
Largo,Florida,3,3,28,4044,81000,2.11954217888936e-4,1.0582010582010582e-5,2.11954217888936e-4,1.0582010582010582e-5,0.006923837784371909,3.45679012345679e-4
Anderson,Indiana,3,3,33,4065,55305,2.1085925144965736e-4,1.5498469526134294e-5,2.1085925144965736e-4,1.5498469526134294e-5,0.008118081180811807,5.966910767561703e-4
Santa Cruz,California,2,2,29,2725,64220,2.0969855832241152e-4,8.89798460648663e-6,2.0969855832241152e-4,8.89798460648663e-6,0.010642201834862385,4.515727187791965e-4
La Crosse,Wisconsin,2,2,32,2726,52306,2.096216329525207e-4,1.0924723194826052e-5,2.096216329525207e-4,1.0924723194826052e-5,0.01173881144534116,6.117844989102589e-4
Wichita,Kansas,22,23,582,31520,389965,2.084844089920232e-4,1.6851329148586596e-5,1.9941986947063088e-4,1.6118662663865438e-5,0.018464467005076143,0.0014924416293769953
Sarasota,Florida,2,2,79,2780,55118,2.0554984583761563e-4,1.0367367673510857e-5,2.0554984583761563e-4,1.0367367673510857e-5,0.02841726618705036,0.001433288580862876
Santa Maria,California,5,7,40,9772,105093,2.0466639377814163e-4,1.903076322875929e-5,1.4619028127010116e-4,1.3593402306256636e-5,0.004093327875562832,3.8061526457518576e-4
Hempstead,New York,3,3,41,4189,55547,2.0461753572281145e-4,1.5430947794531785e-5,2.0461753572281145e-4,1.5430947794531785e-5,0.00978753879207448,7.381136695051038e-4
Augusta,Georgia,11,11,275,15366,197182,2.0453319945705733e-4,1.593886431244811e-5,2.0453319945705733e-4,1.593886431244811e-5,0.017896654952492517,0.0013946506273392095
Kansas City,Kansas,6,9,169,12608,151306,2.0395213923132704e-4,1.6994888315258954e-5,1.359680928208847e-4,1.132992554350597e-5,0.013404187817258884,0.0011169418264972968
San Bernardino,California,11,16,194,22571,216108,2.0253549118021228e-4,2.1153444441800263e-5,1.3924315018639595e-4,1.4542993053737681e-5,0.008595099906960259,8.976992984988987e-4
Boston,Massachusetts,20,23,1157,33920,667137,1.9373315363881402e-4,9.850193545596439e-6,1.6846361185983828e-4,8.56538569182299e-6,0.034109669811320756,0.0017342764679518599
Berkeley,California,2,3,37,4480,120972,1.913265306122449e-4,7.085464877350603e-6,1.2755102040816328e-4,4.7236432515670685e-6,0.008258928571428572,3.058559005389677e-4
Fresno,California,30,32,813,49017,520052,1.86524208802194e-4,1.7580659516465936e-5,1.7486644575205688e-4,1.6481868296686813e-5,0.016586082379582593,0.0015633052079407443
Fayetteville,North Carolina,9,10,298,15421,201963,1.8527610771952902e-4,1.4146862827066627e-5,1.6674849694757612e-4,1.2732176544359965e-5,0.01932429803514688,0.0014755177928630493
Columbia,Missouri,4,4,337,6187,119108,1.847191115010737e-4,9.595133348365709e-6,1.847191115010737e-4,9.595133348365709e-6,0.054469048003879104,0.002829364946099338
Tallahassee,Florida,5,6,161,9309,189907,1.8415358408913033e-4,9.026974857618278e-6,1.5346132007427527e-4,7.522479048015231e-6,0.017295090772370823,8.477833887113166e-4
Frederick,Maryland,2,3,35,4659,69479,1.8397571520559287e-4,1.233671839178539e-5,1.2265047680372858e-4,8.224478927856926e-6,0.007512341704228375,5.037493343312368e-4
Lynchburg,Virginia,2,3,72,4693,79812,1.8264284192262033e-4,1.0739523594733337e-5,1.217618946150802e-4,7.159682396488892e-6,0.015341998721500107,9.021199819576004e-4
Santa Ana,California,19,21,168,32984,335400,1.819063788503517e-4,1.7889087656529517e-5,1.6458196181698485e-4,1.6185365022574326e-5,0.0050933786078098476,5.008944543828265e-4
Cedar Rapids,Iowa,6,6,173,9499,130405,1.8047012467477778e-4,1.314585878061205e-5,1.8047012467477778e-4,1.314585878061205e-5,0.018212443415096327,0.0013266362486100993
Melbourne,Florida,3,3,64,4780,80127,1.7931858936043037e-4,1.0697303744591177e-5,1.7931858936043037e-4,1.0697303744591177e-5,0.013389121338912133,7.987320129294745e-4
Bossier City,Louisiana,3,3,74,4814,68094,1.7805210991750253e-4,1.2587641453620834e-5,1.7805210991750253e-4,1.2587641453620834e-5,0.015371832156211051,0.001086733045495932
Springfield,Massachusetts,9,9,645,14444,154341,1.7802745578984847e-4,1.6660696583724167e-5,1.7802745578984847e-4,1.6660696583724167e-5,0.044655220160620325,0.004179058059750811
Tulare,California,3,4,22,6462,62315,1.7685811557677854e-4,1.8340000687750025e-5,1.3264358668258389e-4,1.3755000515812519e-5,0.0034045187248529867,3.53045013239188e-4
Reno,Nevada,9,10,169,16219,241445,1.7616023535007444e-4,1.1833514287489312e-5,1.58544211815067e-4,1.0650162858740382e-5,0.010419877920956902,6.999523701049929e-4
Tacoma,Washington,9,9,158,14658,207948,1.754283375241214e-4,1.2365728794836072e-5,1.754283375241214e-4,1.2365728794836072e-5,0.010779096738982126,7.59805335949372e-4
Allentown,Pennsylvania,6,6,140,9840,120207,1.7421602787456446e-4,1.426111386429837e-5,1.7421602787456446e-4,1.426111386429837e-5,0.014227642276422764,0.0011646576322510336
Fairfield,California,3,6,39,9883,112970,1.7345803038406498e-4,1.5174698719002516e-5,8.672901519203249e-5,7.587349359501258e-6,0.003946170191237479,3.4522439585730726e-4
Delray Beach,Florida,2,2,58,3321,66255,1.720652127156192e-4,8.624686007525038e-6,1.720652127156192e-4,8.624686007525038e-6,0.01746461909063535,8.754056297637915e-4
Portland,Oregon,16,20,704,33475,632309,1.7070308332444256e-4,9.037172828926545e-6,1.3656246665955403e-4,7.229738263141235e-6,0.021030619865571323,0.0011133796925237502
Fort Smith,Arkansas,3,4,61,6909,88194,1.6541571035709116e-4,1.2958445504877235e-5,1.2406178276781838e-4,9.718834128657925e-6,0.008829063540309741,6.916570288228224e-4
Bethlehem,Pennsylvania,2,3,25,5191,74892,1.6512095109667832e-4,1.1445052303889028e-5,1.100806340644522e-4,7.630034869259352e-6,0.004816027740319784,3.338140255300967e-4
Kenosha,Wisconsin,4,5,41,8658,99858,1.65000165000165e-4,1.4306028846676566e-5,1.32000132000132e-4,1.1444823077341252e-5,0.004735504735504736,4.1058302789961747e-4
Youngstown,Ohio,3,3,132,5249,64628,1.6329641020058243e-4,1.3262716734895976e-5,1.6329641020058243e-4,1.3262716734895976e-5,0.025147647170889693,0.0020424583771739805
Kingsport,Tennessee,1,2,48,3511,53014,1.6275379419782723e-4,1.0778823922521813e-5,8.137689709891362e-5,5.389411961260907e-6,0.013671318712617488,9.054212094918323e-4
San Francisco,California,14,19,297,33452,864816,1.6227942809313132e-4,6.277140372716773e-6,1.1957431543704412e-4,4.6252613272649904e-6,0.008878392921200526,3.4342565354942553e-4
West Valley City,Utah,7,7,73,12564,136208,1.591849729385546e-4,1.4683425349465524e-5,1.591849729385546e-4,1.4683425349465524e-5,0.0058102515122572425,5.359450252554916e-4
New Bedford,Massachusetts,4,4,155,7277,94958,1.5705058992127838e-4,1.2035396099929893e-5,1.5705058992127838e-4,1.2035396099929893e-5,0.021299986258073382,0.0016323005960529918
Greensboro,North Carolina,10,11,428,20017,285342,1.570093991535766e-4,1.1014351700265446e-5,1.4273581741234236e-4,1.0013047000241314e-5,0.021381825448368887,0.0014999544406361488
Lake Charles,Louisiana,3,3,72,5537,76070,1.548027554890477e-4,1.1267817236004432e-5,1.548027554890477e-4,1.1267817236004432e-5,0.013003431461080007,9.464966478243723e-4
Grand Junction,Colorado,2,2,76,3741,60358,1.5274754649253447e-4,9.467321174137173e-6,1.5274754649253447e-4,9.467321174137173e-6,0.020315423683507083,0.0012591537161602438
Davenport,Iowa,3,4,193,7541,102582,1.5155246556917422e-4,1.1140913053529302e-5,1.1366434917688068e-4,8.355684790146977e-6,0.025593422622994296,0.0018814216919147608
Worcester,Massachusetts,7,7,281,13199,184815,1.5152663080536405e-4,1.0821632443254065e-5,1.5152663080536405e-4,1.0821632443254065e-5,0.021289491628153648,0.001520439358277196
Seattle,Washington,14,14,545,26420,684451,1.514004542013626e-4,5.844099869822676e-6,1.514004542013626e-4,5.844099869822676e-6,0.020628311884935656,7.962586072633395e-4
Alexandria,Virginia,3,3,64,5716,153511,1.4995501349595122e-4,5.58359242753195e-6,1.4995501349595122e-4,5.58359242753195e-6,0.01119664100769769,4.1690823458905224e-4
Southfield,Michigan,2,3,27,5751,73156,1.4904240256352933e-4,1.1716644665411685e-5,9.936160170901955e-5,7.81109644360779e-6,0.004694835680751174,3.6907430696046805e-4
Salt Lake City,Utah,6,6,238,11709,192672,1.4640752534680283e-4,8.8974304220941e-6,1.4640752534680283e-4,8.8974304220941e-6,0.020326244768981126,0.0012352599236007307
Plainfield,New Jersey,2,2,36,3914,51217,1.4599605810643111e-4,1.1157009809800875e-5,1.4599605810643111e-4,1.1157009809800875e-5,0.009197751660705161,7.028916180174551e-4
Charlotte,North Carolina,26,29,980,57099,827097,1.451113729787612e-4,1.0017826549623908e-5,1.3009985163613073e-4,8.981499665180055e-6,0.01716317273507417,0.0011848670712141381
Bloomington,Illinois,3,3,27,6002,78292,1.4280953967725043e-4,1.0948026070899418e-5,1.4280953967725043e-4,1.0948026070899418e-5,0.004498500499833389,3.4486282123333164e-4
Kettering,Ohio,1,2,13,4013,55525,1.4239436118329714e-4,1.0291374541712227e-5,7.119718059164857e-5,5.1456872708561135e-6,0.00323947171692001,2.3412877082395317e-4
Wyoming,Michigan,3,3,31,6088,75275,1.407921907264877e-4,1.1386819756132276e-5,1.407921907264877e-4,1.1386819756132276e-5,0.005091984231274638,4.118233145134507e-4
Brockton,Massachusetts,4,4,323,8254,95314,1.38461005919208e-4,1.19904436164377e-5,1.38461005919208e-4,1.19904436164377e-5,0.039132541797916164,0.0033887991270957047
Owensboro,Kentucky,2,2,44,4181,59042,1.3667270304438446e-4,9.678340358195376e-6,1.3667270304438446e-4,9.678340358195376e-6,0.010523798134417603,7.45232207581044e-4
Sacramento,California,17,18,310,37645,490712,1.366146139688443e-4,1.048039816197106e-5,1.2902491319279738e-4,9.898153819639335e-6,0.008234825342010891,6.317351114299223e-4
Casa Grande,Arizona,2,2,10,4207,51460,1.358280416992088e-4,1.1104325134639942e-5,1.358280416992088e-4,1.1104325134639942e-5,0.002376990729736154,1.94325689856199e-4
Greenwood,Indiana,2,2,20,4233,55586,1.3499375653876008e-4,1.0280080801435099e-5,1.3499375653876008e-4,1.0280080801435099e-5,0.004724781478856603,3.598028280502285e-4
Manhattan,Kansas,1,1,32,2171,56308,1.316049220240837e-4,5.0741330843625364e-6,1.316049220240837e-4,5.0741330843625364e-6,0.014739751266697375,5.683029054486041e-4
Midwest City,Oklahoma,2,2,26,4369,57249,1.307916162573979e-4,9.981459439091887e-6,1.307916162573979e-4,9.981459439091887e-6,0.005951018539711604,4.5415640447868085e-4
Pomona,California,6,7,77,15354,153266,1.3025921583952066e-4,1.3049208565500502e-5,1.1165075643387484e-4,1.1185035913286144e-5,0.005014979809821545,5.023945297717694e-4
Caldwell,Idaho,2,2,25,4405,51686,1.2972271769093563e-4,1.1055770835982111e-5,1.2972271769093563e-4,1.1055770835982111e-5,0.0056753688989784334,4.836899740742174e-4
Decatur,Alabama,2,2,77,4449,55437,1.284397777991844e-4,1.0307710940862085e-5,1.284397777991844e-4,1.0307710940862085e-5,0.017307260058440098,0.001388964049281166
Kennewick,Washington,2,3,30,6679,78896,1.2833401065172288e-4,1.0864211837645219e-5,8.555600710114859e-5,7.2428078917634785e-6,0.004491690372810301,3.8024741431758264e-4
Baytown,Texas,2,3,35,6705,76335,1.278363694471077e-4,1.1228700558627852e-5,8.52242462980718e-5,7.485800372418569e-6,0.005219985085756898,4.585052728106373e-4
Houston,Texas,63,73,1892,164509,2296224,1.2678420546683074e-4,9.083235284163417e-6,1.0941650608781282e-4,7.838956478113634e-6,0.011500890528785659,8.239614253661663e-4
San Antonio,Texas,46,51,1300,116516,1469845,1.2505946454932003e-4,9.913581752789287e-6,1.1279873273075923e-4,8.941661973104063e-6,0.011157265954890316,8.844469995135542e-4
Sioux City,Iowa,3,3,61,6935,82821,1.2359666289010195e-4,1.034934204057977e-5,1.2359666289010195e-4,1.034934204057977e-5,0.008795962509012257,7.365281752212603e-4
Buckeye,Arizona,2,2,11,4649,62138,1.2291429800571552e-4,9.196121076130089e-6,1.2291429800571552e-4,9.196121076130089e-6,0.0023661002366100236,1.770253307155042e-4
St. Petersburg,Florida,7,7,59,16574,257083,1.2067093037287318e-4,7.779588693145793e-6,1.2067093037287318e-4,7.779588693145793e-6,0.003559792445999759,2.294978664478009e-4
North Little Rock,Arkansas,2,2,74,4758,66504,1.2009848075421846e-4,8.592394012819852e-6,1.2009848075421846e-4,8.592394012819852e-6,0.015552753257671291,0.0011127150246601708
Lancaster,Pennsylvania,2,2,180,4772,59339,1.1974613818704346e-4,9.62989891013619e-6,1.1974613818704346e-4,9.62989891013619e-6,0.037720033528918694,0.0030334181566929
Aurora,Illinois,8,8,83,19153,200661,1.1933975281753698e-4,1.139092442335225e-5,1.1933975281753698e-4,1.139092442335225e-5,0.004333524774186811,4.1363294312297857e-4
Glendale,Arizona,5,9,83,21893,240126,1.1745437223900659e-4,1.0708663665861138e-5,6.525242902167033e-5,5.949257592145076e-6,0.003791166126159046,3.456518661036289e-4
Bakersfield,California,12,15,357,36503,373640,1.1740717984040451e-4,1.1470169911450288e-5,9.392574387232361e-5,9.176135929160231e-6,0.009780018080705695,9.554651536238091e-4
Pflugerville,Texas,1,2,10,4893,57122,1.1678491138944849e-4,1.0003651332736449e-5,5.8392455694724244e-5,5.0018256663682245e-6,0.0020437359493153486,1.7506389832288785e-4
Utica,New York,2,2,142,4955,61100,1.1532362692806688e-4,9.352349777881693e-6,1.1532362692806688e-4,9.352349777881693e-6,0.028657921291624623,0.002324058919803601
Anchorage,Alaska,10,10,329,24836,298695,1.1504037917308976e-4,9.565419096880956e-6,1.1504037917308976e-4,9.565419096880956e-6,0.013246899661781286,0.0011014580090058421
Bayonne,New Jersey,1,2,9,5045,66311,1.132663174288546e-4,8.617402413303545e-6,5.66331587144273e-5,4.308701206651773e-6,0.00178394449950446,1.3572408800953086e-4
Winston-Salem,North Carolina,7,7,210,17690,241218,1.1305822498586772e-4,8.291255213126715e-6,1.1305822498586772e-4,8.291255213126715e-6,0.011871113623516111,8.705817973783051e-4
Gulfport,Mississippi,2,2,119,5068,71856,1.1275228323373548e-4,7.952412762032e-6,1.1275228323373548e-4,7.952412762032e-6,0.023480662983425413,0.001656089957693164
Meriden,Connecticut,2,2,24,5076,59988,1.1257458065968704e-4,9.525714666742873e-6,1.1257458065968704e-4,9.525714666742873e-6,0.004728132387706856,4.0008001600320064e-4
Manchester,New Hampshire,3,3,209,7690,110229,1.114620100315809e-4,7.776019533361068e-6,1.114620100315809e-4,7.776019533361068e-6,0.02717815344603381,0.0018960527628845403
Kent,Washington,2,3,38,7753,126952,1.1055628236074515e-4,6.751708182170089e-6,7.370418824049677e-5,4.501138788113393e-6,0.004901328517993035,2.993257294095406e-4
Sparks,Nevada,3,3,59,7768,96094,1.1034279829336472e-4,8.919837421096606e-6,1.1034279829336472e-4,8.919837421096606e-6,0.007595262615859938,6.139821424854829e-4
Gainesville,Florida,2,2,124,5182,130128,1.102718200363897e-4,4.3912806730955016e-6,1.102718200363897e-4,4.3912806730955016e-6,0.023928984947896564,9.529079060617238e-4
Dothan,Alabama,2,2,51,5191,68567,1.100806340644522e-4,8.333871562538415e-6,1.100806340644522e-4,8.333871562538415e-6,0.00982469659025236,7.437980369565534e-4
Waltham,Massachusetts,1,1,5,2598,63378,1.0997470581766194e-4,4.50809879949329e-6,1.0997470581766194e-4,4.50809879949329e-6,0.001924557351809084,7.889172899113257e-5
Duluth,Minnesota,2,2,38,5277,86110,1.0828663472210943e-4,6.6360303266585924e-6,1.0828663472210943e-4,6.6360303266585924e-6,0.007201061209020277,4.412960167227964e-4
Murfreesboro,Tennessee,3,3,126,7965,126118,1.0761366693570084e-4,6.7963562468708445e-6,1.0761366693570084e-4,6.7963562468708445e-6,0.015819209039548022,9.990643682900142e-4
Antioch,California,4,4,100,10621,110542,1.076035347761174e-4,1.033866894806628e-5,1.076035347761174e-4,1.033866894806628e-5,0.009415309292910273,9.046335329557996e-4
Killeen,Texas,4,4,190,10656,140806,1.0725010725010725e-4,8.116537241716566e-6,1.0725010725010725e-4,8.116537241716566e-6,0.01783033033033033,0.0013493743164353792
Yakima,Washington,3,3,61,8008,93701,1.0703582132153561e-4,9.147638308479709e-6,1.0703582132153561e-4,9.147638308479709e-6,0.007617382617382617,6.510069262868059e-4
Skokie,Illinois,1,2,11,5343,64821,1.0694901205850111e-4,8.815485281445387e-6,5.3474506029250556e-5,4.4077426407226934e-6,0.002058768482126146,1.696980916678237e-4
Decatur,Illinois,2,2,60,5354,73254,1.0672928117829126e-4,7.800646673609242e-6,1.0672928117829126e-4,7.800646673609242e-6,0.011206574523720583,8.190679007289704e-4
Lowell,Massachusetts,3,3,107,8243,110699,1.0398433302715724e-4,7.743004518043136e-6,1.0398433302715724e-4,7.743004518043136e-6,0.012980710906223462,9.665850640023848e-4
Albuquerque,New Mexico,12,15,492,41742,559121,1.0267151276206903e-4,7.66509268246817e-6,8.213721020965523e-5,6.132074145974536e-6,0.011786689665085526,8.799526399473459e-4
Albany,New York,2,2,151,5598,98469,1.0207727249527892e-4,5.803131660000319e-6,1.0207727249527892e-4,5.803131660000319e-6,0.026973919256877456,0.0015334775411550844
Stamford,Connecticut,3,3,133,8427,128874,1.0171387885877028e-4,6.651014612279103e-6,1.0171387885877028e-4,6.651014612279103e-6,0.01578260353625252,0.0010320157673386408
Carson,California,3,3,26,8452,93281,1.0141302143195186e-4,9.188825775268888e-6,1.0141302143195186e-4,9.188825775268888e-6,0.003076194983435873,2.787277151831563e-4
Logan,Utah,1,1,15,2825,50371,1.011378002528445e-4,5.672198005087962e-6,1.011378002528445e-4,5.672198005087962e-6,0.005309734513274336,2.97790395267118e-4
Reading,Pennsylvania,2,3,44,8481,87879,1.0106624892617111e-4,9.753671037936903e-6,6.737749928411407e-5,6.502447358624602e-6,0.005188067444876783,5.006884466140943e-4
Pasadena,California,2,3,100,8495,142250,1.0089968889262591e-4,6.025608837559628e-6,6.726645926175061e-5,4.017072558373086e-6,0.011771630370806356,7.0298769771529e-4
Bend,Oregon,2,2,12,5668,87014,1.0081661457808247e-4,6.567087726441394e-6,1.0081661457808247e-4,6.567087726441394e-6,0.002117148906139732,1.3790884225526925e-4
Corpus Christi,Texas,9,9,530,26e3,324074,9.89010989010989e-5,7.93469569119575e-6,9.89010989010989e-5,7.93469569119575e-6,0.020384615384615383,0.0016354289452409018
Lodi,California,2,2,20,5779,64596,9.888018193953477e-5,8.84619127234769e-6,9.888018193953477e-5,8.84619127234769e-6,0.003460806367883717,3.0961669453216916e-4
Pompano Beach,Florida,2,2,46,5792,107762,9.865824782951855e-5,5.302690850472072e-6,9.865824782951855e-5,5.302690850472072e-6,0.007941988950276244,4.268666134630018e-4
Sandy,Utah,2,3,13,8809,93613,9.730308288600944e-5,9.156237457862232e-6,6.48687219240063e-5,6.104158305241488e-6,0.0014757634237711431,1.3886960144424384e-4
Warner Robins,Georgia,2,2,61,5886,73490,9.708266589000534e-5,7.77559629104057e-6,9.708266589000534e-5,7.77559629104057e-6,0.01036357458375807,8.300449040685808e-4
Spokane,Washington,5,5,282,14725,213272,9.701673538685423e-5,6.698354348303709e-6,9.701673538685423e-5,6.698354348303709e-6,0.019151103565365025,0.0013222551483551522
Virginia Beach,Virginia,10,12,237,36069,452745,9.505590475398343e-5,7.572853214439538e-6,7.921325396165287e-5,6.310711012032948e-6,0.006570739416119105,5.234734784481331e-4
Tempe,Arizona,3,3,67,9063,175826,9.45760627985057e-5,4.874949422399742e-6,9.45760627985057e-5,4.874949422399742e-6,0.007392695575416529,3.8105854651757987e-4
Renton,Washington,2,2,38,6104,100242,9.361542782250516e-5,5.700490527209867e-6,9.361542782250516e-5,5.700490527209867e-6,0.006225425950196592,3.7908262005945613e-4
New York,New York,166,191,2926,591912,8550405,9.219517186917747e-5,6.3823209042646015e-6,8.012774099624848e-5,5.546938586952481e-6,0.004943302382786631,3.422060124637371e-4
Modesto,California,4,6,110,18779,211266,9.12873802804044e-5,8.114347383325827e-6,6.08582535202696e-5,5.4095649222172185e-6,0.005857606901325949,5.206706237634072e-4
Plantation,Florida,1,2,17,6410,92560,8.914642299977714e-5,6.173601679219657e-6,4.457321149988857e-5,3.0868008396098286e-6,0.0026521060842433697,1.8366464995678479e-4
Oxnard,California,6,6,194,19278,207254,8.892445867235783e-5,8.271424022145359e-6,8.892445867235783e-5,8.271424022145359e-6,0.010063284573088494,9.360494851727831e-4
New Brunswick,New Jersey,1,1,40,3217,57035,8.881389049247302e-5,5.009455346967401e-6,8.881389049247302e-5,5.009455346967401e-6,0.012433944668946224,7.013237485754361e-4
Springdale,Arkansas,2,2,25,6436,77859,8.878629139660837e-5,7.3392744760216725e-6,8.878629139660837e-5,7.3392744760216725e-6,0.003884400248601616,3.210932583259482e-4
Lubbock,Texas,5,5,251,16098,249042,8.874216850362956e-5,5.736267089773727e-6,8.874216850362956e-5,5.736267089773727e-6,0.015591999006087712,0.001007862127673244
Phoenix,Arizona,35,40,760,131178,1563025,8.712262291368543e-5,7.3118289397619545e-6,7.623229504947476e-5,6.39785032229171e-6,0.005793654423760081,4.8623662449416994e-4
Madera,California,2,2,21,6609,64208,8.646218360244689e-5,8.899647573956071e-6,8.646218360244689e-5,8.899647573956071e-6,0.0031774852473899226,3.270620483428856e-4
Pinellas Park,Florida,1,1,21,3327,51617,8.587745287474773e-5,5.5352749232672516e-6,8.587745287474773e-5,5.5352749232672516e-6,0.0063119927862939585,4.06842706860143e-4
Cambridge,Massachusetts,1,1,19,3353,110402,8.521153764219675e-5,2.5879448353678892e-6,8.521153764219675e-5,2.5879448353678892e-6,0.0056665672532060845,1.7209833155196463e-4
Aurora,Colorado,7,8,121,27048,359407,8.450585203025309e-5,6.3596821589848996e-6,7.394262052647145e-5,5.564721889111787e-6,0.004473528541851523,3.366656742912631e-4
Missouri City,Texas,1,2,14,6790,74139,8.415737428992215e-5,7.707530064184456e-6,4.2078687144961075e-5,3.853765032092228e-6,0.002061855670103093,1.8883448657251918e-4
Lakewood,Ohio,1,1,23,3436,50656,8.315316813570597e-5,5.640285172818338e-6,8.315316813570597e-5,5.640285172818338e-6,0.00669383003492433,4.5404295641187617e-4
Manteca,California,2,2,8,6958,75448,8.212540549418962e-5,7.57380674674705e-6,8.212540549418962e-5,7.57380674674705e-6,0.0011497556769186547,1.060332944544587e-4
Hemet,California,2,2,35,6969,83861,8.19957772174733e-5,6.813996630478666e-6,8.19957772174733e-5,6.813996630478666e-6,0.00502224135457024,4.173572936168183e-4
Hoover,Alabama,2,2,25,7018,84848,8.142327891544193e-5,6.734732361735945e-6,8.142327891544193e-5,6.734732361735945e-6,0.003562268452550584,2.9464454082594755e-4
Lawton,Oklahoma,2,2,87,7026,96655,8.133056809401814e-5,5.9120435717611236e-6,8.133056809401814e-5,5.9120435717611236e-6,0.012382578992314262,9.001086338006311e-4
Dallas,Texas,24,26,773,91819,1300092,8.090451244918185e-5,5.71388134729806e-6,7.46810884146294e-5,5.274352012890516e-6,0.008418736862740826,5.945733071198038e-4
Roswell,Georgia,2,2,17,7107,94501,8.040362620354177e-5,6.0467992024271855e-6,8.040362620354177e-5,6.0467992024271855e-6,0.002392007879555368,1.7989227627220877e-4
Enid,Oklahoma,1,1,42,3554,51776,8.03923144947343e-5,5.518276531873565e-6,8.03923144947343e-5,5.518276531873565e-6,0.011817670230725942,8.111866501854141e-4
Clarksville,Tennessee,3,3,132,10667,149176,8.035463177489989e-5,5.745849581319094e-6,8.035463177489989e-5,5.745849581319094e-6,0.012374613293334584,8.848608355231405e-4
Warren,Michigan,3,3,27,10763,135358,7.963791295576114e-5,6.332413726139993e-6,7.963791295576114e-5,6.332413726139993e-6,0.0025085942581064757,1.9947103237340978e-4
Marietta,Georgia,1,1,53,3612,59067,7.910140800506249e-5,4.837122009146998e-6,7.910140800506249e-5,4.837122009146998e-6,0.014673311184939091,8.97286132696768e-4
Missoula,Montana,1,1,39,3622,71022,7.888301648655044e-5,4.022898337336117e-6,7.888301648655044e-5,4.022898337336117e-6,0.010767531750414136,5.4912562304638e-4
Wichita Falls,Texas,1,2,67,7335,104710,7.790437238289999e-5,5.45724927350369e-6,3.8952186191449996e-5,2.728624636751845e-6,0.009134287661895025,6.398624773183078e-4
North Las Vegas,Nevada,6,6,59,22075,234807,7.765733700048536e-5,7.300828826592539e-6,7.765733700048536e-5,7.300828826592539e-6,0.0026727066817667042,2.5127019211522656e-4
Billings,Montana,2,2,96,7377,110263,7.746083386587657e-5,5.182414512833601e-6,7.746083386587657e-5,5.182414512833601e-6,0.013013420089467263,8.706456381560451e-4
Hayward,California,3,3,49,11073,158289,7.7408367844564e-5,5.415050048600074e-6,7.7408367844564e-5,5.415050048600074e-6,0.004425178361780908,3.0956036111163757e-4
Compton,California,3,3,88,11121,98462,7.707426105052218e-5,8.705316336686814e-6,7.707426105052218e-5,8.705316336686814e-6,0.00791295746785361,8.937458105665129e-4
Jacksonville,North Carolina,1,1,41,3747,67357,7.625147737237409e-5,4.241790544624697e-6,7.625147737237409e-5,4.241790544624697e-6,0.010942087002935683,6.08696943153644e-4
West Allis,Wisconsin,1,1,22,3831,60620,7.457955774322258e-5,4.713201677899797e-6,7.457955774322258e-5,4.713201677899797e-6,0.005742625946228139,3.629165291982844e-4
Denver,Colorado,9,9,505,34855,682545,7.37750271533086e-5,3.7674125096932385e-6,7.37750271533086e-5,3.7674125096932385e-6,0.014488595610385884,7.398779567647554e-4
Vacaville,California,2,2,11,7805,96803,7.321314175894573e-5,5.903004777006616e-6,7.321314175894573e-5,5.903004777006616e-6,0.0014093529788597053,1.1363284195737735e-4
Madison,Wisconsin,3,3,431,11735,248951,7.304157282853491e-5,3.4430183334987896e-6,7.304157282853491e-5,3.4430183334987896e-6,0.03672773753728164,0.0017312643853609746
Port Orange,Florida,1,1,15,3917,59866,7.294212042744083e-5,4.772563487025786e-6,7.294212042744083e-5,4.772563487025786e-6,0.0038294613224406433,2.5055958306885375e-4
Garden Grove,California,3,4,24,15723,175393,7.268696450150372e-5,6.5159792172842865e-6,5.4515223376127785e-5,4.886984412963215e-6,0.0015264262545315779,1.3683556356297003e-4
Tigard,Oregon,1,1,5,3935,51253,7.260845888546016e-5,5.5745865747231524e-6,7.260845888546016e-5,5.5745865747231524e-6,0.0012706480304955528,9.755526505765516e-5
College Station,Texas,1,1,49,3988,107889,7.164350193437455e-5,2.6482244317241396e-6,7.164350193437455e-5,2.6482244317241396e-6,0.012286860581745235,4.5417049004069e-4
Johnson City,Tennessee,1,1,76,3996,66027,7.15000715000715e-5,4.32723409687379e-6,7.15000715000715e-5,4.32723409687379e-6,0.01901901901901902,0.001151044269768428
Oshkosh,Wisconsin,1,1,23,4008,66555,7.128599942971201e-5,4.292904901424171e-6,7.128599942971201e-5,4.292904901424171e-6,0.005738522954091816,3.455788445646458e-4
Federal Way,Washington,2,2,41,8027,95171,7.118831087935362e-5,6.004229980020925e-6,7.118831087935362e-5,6.004229980020925e-6,0.005107761305593621,0.00043080350106650133
Fort Worth,Texas,15,16,302,64575,833319,7.079254466014048e-5,5.485808641622922e-6,6.63680106188817e-5,5.1429456015214894e-6,0.00467673248161053,3.6240623338721424e-4
Eau Claire,Wisconsin,1,1,27,4064,67778,7.030371203599551e-5,4.215442853348959e-6,7.030371203599551e-5,4.215442853348959e-6,0.006643700787401575,3.9835934964147656e-4
Chicopee,Massachusetts,1,1,35,4097,56741,6.973743854388228e-5,5.035411531595948e-6,6.973743854388228e-5,5.035411531595948e-6,0.008542836221625579,6.168379126205037e-4
Bismarck,North Dakota,1,1,73,4107,71167,6.956763713520471e-5,4.014701838131237e-6,6.956763713520471e-5,4.014701838131237e-6,0.017774531288044803,0.001025756319642531
Santa Fe,New Mexico,1,1,87,4126,84099,6.924728204417977e-5,3.3973565168942047e-6,6.924728204417977e-5,3.3973565168942047e-6,0.02108579738245274,0.0010344950593942854
Miramar,Florida,2,3,20,12429,137132,6.896313920209647e-5,6.250494830840775e-6,4.597542613473098e-5,4.16699655389385e-6,0.0016091399147155846,1.4584487938628475e-4
Kentwood,Michigan,1,1,9,4145,51357,6.892986386351888e-5,5.563297811676806e-6,6.892986386351888e-5,5.563297811676806e-6,0.0021712907117008443,1.7524388106781937e-4
Boynton Beach,Florida,1,1,114,4190,73966,6.818956699624957e-5,3.862778651194951e-6,6.818956699624957e-5,3.862778651194951e-6,0.02720763723150358,0.0015412486818267852
Waukegan,Illinois,2,2,36,8399,88475,6.803531032605922e-5,6.458644491987244e-6,6.803531032605922e-5,6.458644491987244e-6,0.004286224550541731,4.068946029951964e-4
Deerfield Beach,Florida,1,1,21,4240,79768,6.738544474393532e-5,3.5818158373569066e-6,6.738544474393532e-5,3.5818158373569066e-6,0.004952830188679245,2.6326346404573263e-4
Colorado Springs,Colorado,8,8,509,34008,456568,6.721107638538831e-5,5.006295416486232e-6,6.721107638538831e-5,5.006295416486232e-6,0.01496706657257116,0.0011148394105587776
Cheyenne,Wyoming,1,1,32,4308,63335,6.632179334129194e-5,4.511159480765544e-6,6.632179334129194e-5,4.511159480765544e-6,0.007428040854224698,5.052498618457409e-4
Perris,California,2,2,17,8657,74971,6.600768989587287e-5,7.621994790366561e-6,6.600768989587287e-5,7.621994790366561e-6,0.001963728774402218,2.2675434501340518e-4
Taunton,Massachusetts,1,1,24,4329,56789,6.6000066000066e-5,5.031155430000277e-6,6.6000066000066e-5,5.031155430000277e-6,0.005544005544005544,4.2261705612002326e-4
Florissant,Missouri,1,1,21,4372,52268,6.535093451836362e-5,5.466332855940264e-6,6.535093451836362e-5,5.466332855940264e-6,0.004803293687099725,4.017754649116094e-4
Austin,Texas,9,11,401,49093,931830,6.401843730994526e-5,3.3727795229356675e-6,5.237872143540976e-5,2.7595468824019095e-6,0.008168170614955289,4.3033600549456446e-4
Laredo,Texas,5,6,122,26903,255473,6.372098703808922e-5,6.710242234152785e-6,5.310082253174102e-5,5.591868528460654e-6,0.004534810244210683,4.775455723305398e-4
Lawrence,Kansas,1,1,29,4528,93917,6.309944472488642e-5,3.0421998755740253e-6,6.309944472488642e-5,3.0421998755740253e-6,0.006404593639575972,3.0878328737076355e-4
Moore,Oklahoma,1,1,7,4551,60451,6.278055058542864e-5,4.726378152789627e-6,6.278055058542864e-5,4.726378152789627e-6,0.0015381234893430016,1.1579626474334584e-4
Vallejo,California,2,2,67,9152,121253,6.243756243756244e-5,4.712696357439168e-6,6.243756243756244e-5,4.712696357439168e-6,0.007320804195804196,5.525636479097424e-4
Rosemead,California,1,1,14,4603,54908,6.207131994661866e-5,5.203509246635931e-6,6.207131994661866e-5,5.203509246635931e-6,0.0030414946773843145,2.5497195308516065e-4
Southaven,Mississippi,1,1,14,4630,52589,6.17093489663684e-5,5.432966698630621e-6,6.17093489663684e-5,5.432966698630621e-6,0.003023758099352052,2.6621536823290043e-4
Hendersonville,Tennessee,1,1,19,4656,56018,6.136475208640157e-5,5.1004014015903055e-6,6.136475208640157e-5,5.1004014015903055e-6,0.004080756013745705,3.391766932057553e-4
Topeka,Kansas,2,2,192,9317,127265,6.133182048176144e-5,4.490068529670934e-6,6.133182048176144e-5,4.490068529670934e-6,0.020607491681871846,0.0015086630259694338
Petaluma,California,1,1,9,4680,60438,6.105006105006105e-5,4.727394780010684e-6,6.105006105006105e-5,4.727394780010684e-6,0.0019230769230769232,1.4891293557033655e-4
Broomfield,Colorado,1,1,6,4682,65065,6.102398242509306e-5,4.391213182421973e-6,6.102398242509306e-5,4.391213182421973e-6,0.0012815036309269544,9.221547683086144e-5
Elgin,Illinois,2,2,41,9383,112111,6.090041260029537e-5,5.096989335824062e-6,6.090041260029537e-5,5.096989335824062e-6,0.004369604604071192,3.6570898484537644e-4
Pembroke Pines,Florida,3,3,32,14128,166611,6.066979453162919e-5,5.1445754310511135e-6,6.066979453162919e-5,5.1445754310511135e-6,0.0022650056625141564,1.9206414942590826e-4
Asheville,North Carolina,1,1,99,4715,88512,6.0596879260718074e-5,3.2279723169094104e-6,6.0596879260718074e-5,3.2279723169094104e-6,0.02099681866383881,0.0011184924078091107
Gilroy,California,1,1,5,4871,53231,5.865618676129865e-5,5.367441635781513e-6,5.865618676129865e-5,5.367441635781513e-6,0.0010264832683227264,9.393022862617648e-5
Waterbury,Connecticut,2,2,49,9752,108802,5.8596038907769834e-5,5.252004296139514e-6,5.8596038907769834e-5,5.252004296139514e-6,0.0050246103363412635,4.5035936839396334e-4
Yonkers,New York,3,3,43,14631,201116,5.858402413661794e-5,4.261932701241359e-6,5.858402413661794e-5,4.261932701241359e-6,0.002938965210853667,2.138069571789415e-4
Oklahoma City,Oklahoma,9,9,577,44182,631346,5.820081869151626e-5,4.072930804073474e-6,5.820081869151626e-5,4.072930804073474e-6,0.01305961703861301,9.139204176473756e-4
Elizabeth,New Jersey,2,2,90,9910,129007,5.766181346403344e-5,4.429438491156072e-6,5.766181346403344e-5,4.429438491156072e-6,0.009081735620585268,6.976365623570814e-4
Rapid City,South Dakota,1,1,45,4972,73569,5.746465923457074e-5,3.883623342906465e-6,5.746465923457074e-5,3.883623342906465e-6,0.009050683829444892,6.116706765077682e-4
Long Beach,California,8,8,235,39826,474140,5.739251458128573e-5,4.820758184743506e-6,5.739251458128573e-5,4.820758184743506e-6,0.00590066790538844,4.956342008689417e-4
Vineland,New Jersey,1,1,44,4987,60818,5.729181586410381e-5,4.697857307282149e-6,5.729181586410381e-5,4.697857307282149e-6,0.008822939643071986,7.234700253214509e-4
Delano,California,1,1,21,5008,52733,5.705157462345961e-5,5.4181306907303914e-6,5.705157462345961e-5,5.4181306907303914e-6,0.004193290734824281,3.9823260576868374e-4
Cathedral City,California,1,1,29,5088,53826,5.615453728661276e-5,5.30810919842243e-6,5.615453728661276e-5,5.30810919842243e-6,0.005699685534591195,5.387730836398766e-4
Temple,Texas,1,1,23,5105,72277,5.596753882748006e-5,3.953045722903354e-6,5.596753882748006e-5,3.953045722903354e-6,0.0045053868756121445,3.1822018069372e-4
Dearborn Heights,Michigan,1,1,19,5107,56145,5.594562085652746e-5,5.088864292711474e-6,5.594562085652746e-5,5.088864292711474e-6,0.003720383786959076,3.3840947546531303e-4
Schenectady,New York,1,1,90,5107,65305,5.594562085652746e-5,4.375075196604942e-6,5.594562085652746e-5,4.375075196604942e-6,0.01762287056980615,0.0013781486869305565
Kissimmee,Florida,1,1,44,5170,69152,5.526388505111909e-5,4.1316850664374955e-6,5.526388505111909e-5,4.1316850664374955e-6,0.00851063829787234,6.362795002313743e-4
Inglewood,California,2,2,32,10366,111666,5.5125272181031394e-5,5.117301339965356e-6,5.5125272181031394e-5,5.117301339965356e-6,0.003087015242137758,2.865688750380599e-4
Mount Vernon,New York,1,1,33,5185,68628,5.5104008816641413e-5,4.163232000266447e-6,5.5104008816641413e-5,4.163232000266447e-6,0.006364513018322083,4.808532960307746e-4
Ann Arbor,Michigan,1,1,40,5254,117070,5.438033607047691e-5,2.440542288496504e-6,5.438033607047691e-5,2.440542288496504e-6,0.007613247049866768,3.4167592038951053e-4
Rancho Cordova,California,1,1,18,5270,71017,5.421523448088913e-5,4.023181572219127e-6,5.421523448088913e-5,4.023181572219127e-6,0.003415559772296015,2.53460439049805e-4
Coon Rapids,Minnesota,1,1,6,5286,62240,5.4051132371223176e-5,4.590525156077856e-6,5.4051132371223176e-5,4.590525156077856e-6,0.0011350737797956867,9.640102827763497e-5
Janesville,Wisconsin,1,1,26,5316,64123,5.3746103407502955e-5,4.455722372850392e-6,5.3746103407502955e-5,4.455722372850392e-6,0.004890895410082769,4.054707359293857e-4
Taylor,Michigan,1,1,17,5390,61568,5.30082162735224e-5,4.64062964062964e-6,5.30082162735224e-5,4.64062964062964e-6,0.0031539888682745824,2.7611746361746363e-4
Norwalk,California,2,2,54,10818,107140,5.282201621635898e-5,5.333475559348249e-6,5.282201621635898e-5,5.333475559348249e-6,0.004991680532445923,5.040134403584096e-4
Hanford,California,1,1,13,5414,55659,5.27732334160114e-5,5.133298940230434e-6,5.27732334160114e-5,5.133298940230434e-6,0.0024011821204285187,2.3356510178048473e-4
Chico,California,1,1,77,5429,90316,5.262742415072494e-5,3.1634957893871044e-6,5.262742415072494e-5,3.1634957893871044e-6,0.014183090808620373,8.525621152398246e-4
Shawnee,Kansas,1,1,11,5452,65046,5.2405408238130174e-5,4.392495860072652e-6,5.2405408238130174e-5,4.392495860072652e-6,0.0020176082171680116,1.691110906127971e-4
Pawtucket,Rhode Island,1,1,51,5470,71591,5.223295899712719e-5,3.99092463737461e-6,5.223295899712719e-5,3.99092463737461e-6,0.009323583180987203,7.123800477713679e-4
New Britain,Connecticut,1,1,31,5530,72808,5.1666236114699044e-5,3.924215549311693e-6,5.1666236114699044e-5,3.924215549311693e-6,0.005605786618444846,4.2577738710031866e-4
Boca Raton,Florida,1,1,46,5532,93235,5.1647557070550566e-5,3.06445311003685e-6,5.1647557070550566e-5,3.06445311003685e-6,0.008315256688358641,4.933769507159329e-4
Palatine,Illinois,1,1,7,5549,69308,5.148932883659862e-5,4.12238537707459e-6,5.148932883659862e-5,4.12238537707459e-6,0.001261488556496666,1.0099844173832746e-4
Sioux Falls,South Dakota,2,2,123,11143,171544,5.128139382828425e-5,3.3310903991312517e-6,5.128139382828425e-5,3.3310903991312517e-6,0.011038320021538185,7.170172084130019e-4
Raleigh,North Carolina,5,5,246,27972,451066,5.1071479642908215e-5,3.167100665027798e-6,5.1071479642908215e-5,3.167100665027798e-6,0.008794508794508795,5.453747345177867e-4
Bartlett,Tennessee,1,1,6,5665,58579,5.0435001891312574e-5,4.877418284953408e-6,5.0435001891312574e-5,4.877418284953408e-6,0.001059135039717564,1.0242578398402158e-4
Lake Elsinore,California,1,1,18,5668,61981,5.0408307289041234e-5,4.6097075831994595e-6,5.0408307289041234e-5,4.6097075831994595e-6,0.003175723359209598,2.90411577741566e-4
Pittsburg,California,1,1,23,5675,69424,5.034612964128383e-5,4.115497316695749e-6,5.034612964128383e-5,4.115497316695749e-6,0.004052863436123348,3.3129753399400785e-4
Lincoln,Nebraska,3,3,215,17067,277348,5.022223338271853e-5,3.09049590097227e-6,5.022223338271853e-5,3.09049590097227e-6,0.012597410206831897,7.751993884938778e-4
Rocklin,California,1,1,7,5691,61213,5.020458367848985e-5,4.66754260882959e-6,5.020458367848985e-5,4.66754260882959e-6,0.0012300123001230013,1.1435479391632496e-4
La Habra,California,1,1,9,5713,62131,5.001125253181966e-5,4.59857857936112e-6,5.001125253181966e-5,4.59857857936112e-6,0.0015753544547523193,1.4485522524987525e-4
Bryan,Texas,1,1,48,5723,82118,4.992386610419111e-5,3.4793137401578913e-6,4.992386610419111e-5,3.4793137401578913e-6,0.008387209505504107,5.845247083465258e-4
Rialto,California,2,2,21,11690,103132,4.8881828180373945e-5,5.540749441769494e-6,4.8881828180373945e-5,5.540749441769494e-6,0.0017964071856287425,2.036225419850289e-4
Lorain,Ohio,1,1,79,5873,63647,4.864878013183819e-5,4.489045606458839e-6,4.864878013183819e-5,4.489045606458839e-6,0.013451387706453261,0.001241221110185869
Arlington Heights,Illinois,1,1,4,5882,75926,4.857434303201049e-5,3.7630625308100746e-6,4.857434303201049e-5,3.7630625308100746e-6,6.800408024481469e-4,5.268287543134104e-5
Yuba City,California,1,1,10,5935,66941,4.814057046576002e-5,4.268150844987164e-6,4.814057046576002e-5,4.268150844987164e-6,0.0016849199663016006,1.4938527957455072e-4
Gastonia,North Carolina,1,1,69,5987,74543,4.772244625259491e-5,3.832878817786857e-6,4.772244625259491e-5,3.832878817786857e-6,0.01152497077000167,9.256402344955261e-4
Redlands,California,1,1,11,6045,71035,4.726456339359565e-5,4.022162113243975e-6,4.726456339359565e-5,4.022162113243975e-6,0.0018196856906534326,1.54853241359893e-4
Los Angeles,California,39,49,844,299135,3971883,4.680161131261805e-5,3.5247765354618953e-6,3.725026206514498e-5,2.8054343853676313e-6,0.0028214685677035454,2.124936711378457e-4
Eagan,Minnesota,1,1,3,6132,66286,4.659398005777654e-5,4.310326248593756e-6,4.659398005777654e-5,4.310326248593756e-6,4.892367906066536e-4,4.525842561023444e-5
Auburn,Washington,1,1,22,6154,77006,4.642741074330285e-5,3.7102860259497407e-6,4.642741074330285e-5,3.7102860259497407e-6,0.0035749106272343193,2.8569202399813e-4
Woodbury,Minnesota,1,1,2,6269,67855,4.557573547843128e-5,4.210659283977389e-6,4.557573547843128e-5,4.210659283977389e-6,3.19030148349019e-4,2.947461498784172e-5
Salem,Oregon,2,2,80,12562,164549,4.548866195100871e-5,3.47269549756347e-6,4.548866195100871e-5,3.47269549756347e-6,0.006368412673141219,4.861773696588858e-4
Paramount,California,1,1,14,6317,55412,4.522942626472783e-5,5.156180713821658e-6,4.522942626472783e-5,5.156180713821658e-6,0.002216241886971664,2.5265285497726126e-4
Wellington,Florida,1,1,10,6336,62560,4.5093795093795094e-5,4.567044208987943e-6,4.5093795093795094e-5,4.567044208987943e-6,0.0015782828282828283,1.5984654731457802e-4
Longview,Texas,1,1,113,6377,82287,4.48038710544591e-5,3.472167969597697e-6,4.48038710544591e-5,3.472167969597697e-6,0.017719931002038575,0.0013732424319758893
Nashua,New Hampshire,1,1,48,6399,87970,4.464983367936954e-5,3.2478604719141266e-6,4.464983367936954e-5,3.2478604719141266e-6,0.007501172058134084,5.456405592815732e-4
Mansfield,Texas,1,1,96,6442,64274,4.435179846542777e-5,4.445254468592055e-6,4.435179846542777e-5,4.445254468592055e-6,0.014902204284383732,0.0014936055014469303
Passaic,New Jersey,1,1,18,6443,71085,4.4344914746901396e-5,4.019332991690029e-6,4.4344914746901396e-5,4.019332991690029e-6,0.0027937296290547883,2.5321797847647186e-4
Santa Clara,California,1,1,11,6520,126215,4.3821209465381244e-5,2.2637110146518697e-6,4.3821209465381244e-5,2.2637110146518697e-6,0.001687116564417178,8.715287406409697e-5
Rowlett,Texas,1,1,7,6524,60236,4.379434177104318e-5,4.74324798649123e-6,4.379434177104318e-5,4.74324798649123e-6,0.001072961373390558,1.1620957566903513e-4
Escondido,California,2,2,22,13082,151451,4.3680520671806406e-5,3.773026070666892e-6,4.3680520671806406e-5,3.773026070666892e-6,0.0016817000458645467,1.4526150372067532e-4
Ogden,Utah,1,1,43,6547,85444,4.364048964629383e-5,3.3438776943294522e-6,4.364048964629383e-5,3.3438776943294522e-6,0.006567893691767222,5.032535929965826e-4
Napa,California,1,1,6,6553,80434,4.3600531926489505e-5,3.5521581136619555e-6,4.3600531926489505e-5,3.5521581136619555e-6,9.156111704562796e-4,7.459532038690106e-5
San Leandro,California,1,1,33,6568,90712,4.3500957021054466e-5,3.149685661370995e-6,4.3500957021054466e-5,3.149685661370995e-6,0.0050243605359317906,3.637886938883499e-4
Sunrise,Florida,1,1,18,6656,92700,4.292582417582418e-5,3.0821390044691014e-6,4.292582417582418e-5,3.0821390044691014e-6,0.002704326923076923,1.941747572815534e-4
Arlington,Texas,5,5,115,33306,388125,4.289231455507802e-5,3.680699332873246e-6,4.289231455507802e-5,3.680699332873246e-6,0.0034528313216837807,2.962962962962963e-4
Provo,Utah,1,1,12,6889,115264,4.147398544263111e-5,2.4787816292535894e-6,4.147398544263111e-5,2.4787816292535894e-6,0.0017419073885905066,1.0410882842865075e-4
Redding,California,1,1,31,6957,91582,4.1068605104827614e-5,3.1197646449551845e-6,4.1068605104827614e-5,3.1197646449551845e-6,0.004455943653873796,3.384944639776375e-4
Edmond,Oklahoma,1,1,24,6997,90092,4.083382674207313e-5,3.171361338568194e-6,4.083382674207313e-5,3.171361338568194e-6,0.0034300414463341432,2.6639435243972826e-4
Chesapeake,Virginia,3,3,112,21122,235429,4.058057272714976e-5,3.6407700714137048e-6,4.058057272714976e-5,3.6407700714137048e-6,0.005302528169680901,4.757272893313908e-4
Lewisville,Texas,1,1,16,7047,104039,4.054410184678384e-5,2.7462229136601246e-6,4.054410184678384e-5,2.7462229136601246e-6,0.002270469703419895,1.53788483164967e-4
San Marcos,California,1,1,8,7113,92931,4.016790182964793e-5,3.0744776846723454e-6,4.016790182964793e-5,3.0744776846723454e-6,0.001124701251230142,8.608537517082567e-5
Longmont,Colorado,1,1,16,7248,92088,3.941974140649637e-5,3.102622336398724e-6,3.941974140649637e-5,3.102622336398724e-6,0.002207505518763797,1.7374685083832854e-4
Lynn,Massachusetts,1,1,87,7457,92457,3.831491024732275e-5,3.0902396326323125e-6,3.831491024732275e-5,3.0902396326323125e-6,0.011666890170309776,9.409779681365391e-4
Tyler,Texas,1,1,88,7459,103700,3.830463677628177e-5,2.7552004408320703e-6,3.830463677628177e-5,2.7552004408320703e-6,0.011797828127094784,8.486017357762777e-4
Meridian,Idaho,1,1,16,7464,90739,3.82789771857296e-5,3.1487484512093558e-6,3.82789771857296e-5,3.1487484512093558e-6,0.0021436227224008574,1.7632991326772392e-4
O'Fallon,Missouri,1,1,11,7588,85040,3.7653437758867384e-5,3.3597634726515255e-6,3.7653437758867384e-5,3.3597634726515255e-6,0.0014496573537163943,1.2935089369708373e-4
Hawthorne,California,1,1,22,7591,88451,3.763855693772701e-5,3.2301984795455757e-6,3.763855693772701e-5,3.2301984795455757e-6,0.0028981688842049796,2.487252829250093e-4
Pharr,Texas,1,1,7,7636,76538,3.741674773628676e-5,3.7329729770086196e-6,3.741674773628676e-5,3.7329729770086196e-6,9.167103195390257e-4,9.145783793671118e-5
Costa Mesa,California,1,1,10,7661,113204,3.7294646353515956e-5,2.523888605652501e-6,3.7294646353515956e-5,2.523888605652501e-6,0.0013053126223730584,8.833610119783753e-5
Las Cruces,New Mexico,1,1,50,7746,101643,3.6885397071299475e-5,2.8109588039932482e-6,3.6885397071299475e-5,2.8109588039932482e-6,0.006454944487477408,4.919177906988184e-4
Bellflower,California,1,1,14,7762,78441,3.68093643022785e-5,3.642410037025098e-6,3.68093643022785e-5,3.642410037025098e-6,0.0018036588508116465,1.784780918142298e-4
Deltona,Florida,1,1,53,7781,88474,3.671948152092093e-5,3.2293587462337604e-6,3.671948152092093e-5,3.2293587462337604e-6,0.0068114638221308315,5.990460474263625e-4
Whittier,California,1,1,31,7933,87438,3.6015919036214006e-5,3.267621465658932e-6,3.6015919036214006e-5,3.267621465658932e-6,0.003907727215429219,3.5453692902399415e-4
Lynwood,California,1,1,15,7982,71989,3.5794824068439704e-5,3.968860321914261e-6,3.5794824068439704e-5,3.968860321914261e-6,0.0018792282635930844,2.083651669004987e-4
Amarillo,Texas,2,2,263,16054,198645,3.559415543967681e-5,2.8766320392084946e-6,3.559415543967681e-5,2.8766320392084946e-6,0.01638221004111125,0.0013239698960457098
Pearland,Texas,1,1,14,8048,108821,3.5501278046009656e-5,2.625543651632366e-6,3.5501278046009656e-5,2.625543651632366e-6,0.0017395626242544733,1.2865163892998593e-4
Davie,Florida,1,1,23,8235,100882,3.469511666232978e-5,2.8321631779136588e-6,3.469511666232978e-5,2.8321631779136588e-6,0.002792956891317547,2.2798913582204952e-4
Vista,California,1,1,16,8251,100890,3.462783731842028e-5,2.8319386035710746e-6,3.462783731842028e-5,2.8319386035710746e-6,0.0019391588898315356,1.585885617999802e-4
Abilene,Texas,1,1,94,8298,121721,3.4431704713700375e-5,2.347288353811468e-6,3.4431704713700375e-5,2.347288353811468e-6,0.011328030850807424,7.72257868403973e-4
Elk Grove,California,1,2,12,17030,166913,3.355423202751447e-5,3.423511478606049e-6,1.6777116013757234e-5,1.7117557393030245e-6,7.046388725778039e-4,7.189374105072702e-5
Independence,Missouri,1,1,50,8554,117255,3.340124920672033e-5,2.436691703673922e-6,3.340124920672033e-5,2.436691703673922e-6,0.005845218611176058,4.264210481429363e-4
Ontario,California,2,2,45,17214,171214,3.319557171073379e-5,3.3375107843317218e-6,3.319557171073379e-5,3.3375107843317218e-6,0.0026141512722202857,2.6282897426612307e-4
Odessa,Texas,1,1,60,8623,118968,3.313397723695764e-5,2.4016061942226962e-6,3.313397723695764e-5,2.4016061942226962e-6,0.006958135219761104,5.043373007867661e-4
Mission Viejo,California,1,1,3,8675,97156,3.293536434746809e-5,2.9407786005422795e-6,3.293536434746809e-5,2.9407786005422795e-6,3.45821325648415e-4,3.087817530569394e-5
High Point,North Carolina,1,1,74,8716,110268,3.278043663541598e-5,2.591089760531484e-6,3.278043663541598e-5,2.591089760531484e-6,0.00849013308857274,6.710922479776544e-4
Springfield,Missouri,1,1,226,8838,166810,3.232793456826043e-5,1.712812695367698e-6,3.232793456826043e-5,1.712812695367698e-6,0.025571396243494002,0.001354834842035849
Yuma,Arizona,1,1,24,8953,94139,3.191268688867259e-5,3.035025714255364e-6,3.191268688867259e-5,3.035025714255364e-6,0.0026806656986484976,2.549421599974506e-4
Gresham,Oregon,1,1,45,8973,110553,3.184155641527758e-5,2.584410063175904e-6,3.184155641527758e-5,2.584410063175904e-6,0.0050150451354062184,4.070445849502049e-4
Lee's Summit,Missouri,1,1,6,9e3,95094,3.1746031746031745e-5,3.004545877913283e-6,3.1746031746031745e-5,3.004545877913283e-6,6.666666666666666e-4,6.309546343617894e-5
Waco,Texas,1,1,60,9261,132356,3.085134280469557e-5,2.158680269230603e-6,3.085134280469557e-5,2.158680269230603e-6,0.00647878198898607,4.5332285653842665e-4
San Jose,California,8,8,177,74706,1026908,3.059612729518761e-5,2.2258218708144114e-6,3.059612729518761e-5,2.2258218708144114e-6,0.0023692876074210907,1.72362081121191e-4
San Diego,California,9,10,276,93779,1394928,3.0466766089880006e-5,2.048236795836672e-6,2.7420089480892007e-5,1.8434131162530049e-6,0.0029430896042824087,1.9785967447782251e-4
Hollywood,Florida,1,1,47,9399,149728,3.0398370647333303e-5,1.908222147589534e-6,3.0398370647333303e-5,1.908222147589534e-6,0.005000531971486328,3.139025432784783e-4
Surprise,Arizona,1,1,11,9572,128422,2.984896424094084e-5,2.224807943454281e-6,2.984896424094084e-5,2.224807943454281e-6,0.0011491851232762224,8.565510582298984e-5
Midland,Texas,1,1,40,9643,132950,2.962919067865661e-5,2.149035620265406e-6,2.962919067865661e-5,2.149035620265406e-6,0.004148086695011926,3.0086498683715683e-4
Tucson,Arizona,4,4,224,38965,531641,2.9330351414272883e-5,2.149678340942747e-6,2.9330351414272883e-5,2.149678340942747e-6,0.0057487488771974845,4.213369548247784e-4
Eugene,Oregon,1,1,41,9930,163460,2.8772838440512156e-05,1.7479156106343185e-6,2.8772838440512156e-05,1.7479156106343185e-6,0.004128902316213495,2.5082589012602474e-4
Anaheim,California,3,3,50,31459,350742,2.7246347854123052e-5,2.4437987385110913e-6,2.7246347854123052e-5,2.4437987385110913e-6,0.0015893702914905115,1.42554926413147e-4
Thornton,Colorado,1,1,22,10680,133451,2.6752273943285178e-5,2.1409677388276274e-6,2.6752273943285178e-5,2.1409677388276274e-6,0.002059925093632959,1.6485451588972732e-4
Gilbert,Arizona,2,2,13,21656,247542,2.63866167080057e-5,2.308410578522317e-6,2.63866167080057e-5,2.308410578522317e-6,6.002955301071297e-4,5.251634066138271e-5
Garland,Texas,2,2,31,22187,236897,2.5755107559767946e-5,2.4121393324042576e-6,2.5755107559767946e-5,2.4121393324042576e-6,0.001397214585117411,1.3085855878293098e-4
El Monte,California,1,1,32,11142,116732,2.564299817934713e-5,2.4476089308354668e-6,2.564299817934713e-5,2.4476089308354668e-6,0.0028720157960868786,2.741322002535723e-4
Olathe,Kansas,1,1,18,11357,134305,2.5157549151561653e-5,2.127354050216192e-6,2.5157549151561653e-5,2.127354050216192e-6,0.0015849255965483843,1.340233051636201e-4
Orange,California,1,1,10,11459,140992,2.4933614252053908e-5,2.0264574281823486e-6,2.4933614252053908e-5,2.0264574281823486e-6,8.726764988218868e-4,7.092600998638221e-5
Fontana,California,2,2,30,23138,207460,2.469654124939802e-5,2.754403602759912e-6,2.469654124939802e-5,2.754403602759912e-6,0.0012965684155933962,1.446061891448954e-4
Fullerton,California,1,1,17,11611,140847,2.4607207451062415e-5,2.0285436375235946e-6,2.4607207451062415e-5,2.0285436375235946e-6,0.0014641288433382138,1.2069834643265387e-4
Vancouver,Washington,1,1,129,12300,172860,2.3228803716608595e-5,1.6528652418968282e-6,2.3228803716608595e-5,1.6528652418968282e-6,0.010487804878048781,7.462686567164179e-4
Torrance,California,1,1,16,12344,148475,2.314600499953708e-5,1.924325884588555e-6,2.314600499953708e-5,1.924325884588555e-6,0.0012961762799740765,1.0776224953695908e-4
McKinney,Texas,1,1,9,12735,162898,2.243535812440406e-5,1.753945939878241e-6,2.243535812440406e-5,1.753945939878241e-6,7.067137809187279e-4,5.5249297106164594e-5
Santa Rosa,California,1,1,38,12778,174972,2.2359859580081837e-5,1.6329143275168926e-6,2.2359859580081837e-5,1.6329143275168926e-6,0.0029738613241508845,2.171776055597467e-4
Cape Coral,Florida,1,1,68,12845,175229,2.22432297169549e-5,1.6305194101106877e-6,2.22432297169549e-5,1.6305194101106877e-6,0.005293888672635267,3.880636196063437e-4
Victorville,California,1,1,24,13115,122225,2.1785305811230325e-5,2.337609210180288e-6,2.1785305811230325e-5,2.337609210180288e-6,0.0018299656881433472,1.963591736551442e-4
Oceanside,California,1,1,30,13416,175691,2.12965329244399e-5,1.6262317689254754e-6,2.12965329244399e-5,1.6262317689254754e-6,0.0022361359570661895,1.7075433573717492e-4
Port St. Lucie,Florida,1,1,41,14367,179413,1.9886843858445444e-5,1.5924948900820215e-6,1.9886843858445444e-5,1.5924948900820215e-6,0.002853762093686921,2.2852301672677007e-4
Overland Park,Kansas,1,1,28,14813,186515,1.9288077075155993e-5,1.5318568786118313e-6,1.9288077075155993e-5,1.5318568786118313e-6,0.0018902315533652872,1.5012197410395946e-4
Hialeah,Florida,1,1,45,15625,237069,1.8285714285714284e-5,1.2051946298937682e-6,1.8285714285714284e-5,1.2051946298937682e-6,0.00288,1.898181542082685e-4
Rancho Cucamonga,California,1,1,10,16195,175236,1.7642129405019186e-5,1.6304542771707052e-6,1.7642129405019186e-5,1.6304542771707052e-6,6.174745291756715e-4,5.706589970097469e-5
Irving,Texas,1,1,21,16561,236607,1.7252236321133127e-5,1.2075478988968446e-6,1.7252236321133127e-5,1.2075478988968446e-6,0.001268039369603285,8.875477056891808e-5
Palmdale,California,1,1,29,19087,158351,1.4969051486052585e-5,1.8043099551899622e-6,1.4969051486052585e-5,1.8043099551899622e-6,0.0015193587258343375,1.8313746045178116e-4
Chandler,Arizona,1,1,23,21308,260828,1.3408780069189305e-5,1.0954126309839654e-06,1.3408780069189305e-5,1.0954126309839654e-06,0.001079406795569739,8.81807167942092e-5
El Paso,Texas,3,3,185,65296,681124,1.3127034690377009e-5,1.2584241006672164e-6,1.3127034690377009e-5,1.2584241006672164e-6,0.002833251654006371,2.7160986839400755e-4
St. Louis,Missouri,1,1,8,22420,315685,1.2743723716069835e-5,9.050613292183212e-7,1.2743723716069835e-5,9.050613292183212e-7,3.568242640499554e-4,2.534171721811299e-5
Riverside,California,1,1,65,28937,322424,9.873666437926727e-6,8.861445975308467e-7,9.873666437926727e-6,8.861445975308467e-7,0.0022462591146283307,2.0159789593826761e-4
Mesa,Arizona,1,1,74,36768,471825,7.770732313813253e-6,6.055513923897329e-7,7.770732313813253e-6,6.055513923897329e-7,0.0020126196692776327,1.5683781062894082e-4
